{"\\build.pyc": "30f67aa1dfb98a7b0091bed3b0a5744e", "\\depends.mod": "f2a3ec24cb82f44432f5e57565fedd9f", "\\main.pyc": "8933aa086a8a7d9e983b9f9ff9dabea4", "\\ProjectConfig.pyc": "03459d5c9ac15b143e2251cfb50b06be", "\\common\\README.md": "cbad6b712410383b74123bf48a554723", "\\common\\_load.pyc": "f9ed2883a4fef5f7588db3ba70aa279a", "\\common\\__init__.pyc": "37e765fa9ba8bf31823e2898027a1ae3", "\\common\\behavior\\compileBehavior\\CompilePyBehavior.pyc": "4daaa6b358e4a584c6af3e5943d49d35", "\\common\\behavior\\ConfigParseBehavior\\IniConfigParseBehavior.pyc": "e102dc5bf50cf796c4a2b6912245717d", "\\common\\behavior\\ConfigParseBehavior\\JsonConfigBehavior.pyc": "63aa42a48bf1141df50547b31c9a1474", "\\common\\behavior\\ConfigParseBehavior\\XmlConfigParseBehavior.pyc": "770344f68a2fc819175cc570e358db09", "\\common\\behavior\\ConfigParseBehavior\\__init__.pyc": "e937e29f416a2635c4d655bc91a4211c", "\\common\\behavior\\CopyBehavior\\ShutilCopyBehavior.pyc": "85902ce8928572d7d7a67c67b0d1a02f", "\\common\\behavior\\FormatBehavior\\NumFormatBehavior.pyc": "b7ab1d7e7fb090204e742d48d2729d91", "\\common\\behavior\\installBehavior\\InstallPythonPackageBehavior.pyc": "8328fedc2350ea5e22803f575059cac7", "\\common\\behavior\\installBehavior\\__init__.pyc": "49371416d6be84379c4fe28ca4fd0463", "\\common\\behavior\\serviceBehavior\\IPInfoBehavior.pyc": "8190c2f706d2f723efda984e4bf8355f", "\\common\\behavior\\serviceBehavior\\ServiceBehavior.pyc": "047a91398944586c33192e9a2c53eb91", "\\common\\behavior\\serviceBehavior\\ToolServiceBehavior.pyc": "1470bfddab26eb9c260e028ed621944d", "\\common\\behavior\\serviceBehavior\\UpDownloadBehavior.pyc": "38ffef3bedc2b49d9e91e2fdde61e722", "\\common\\behavior\\serviceBehavior\\UserServiceBehavior.pyc": "c0ddc6ca4a9a64372b4e1bf0f50e39bd", "\\common\\behavior\\serviceBehavior\\__init__.pyc": "db84fc805f5ef84d78aba801c83eb71c", "\\common\\behavior\\verifyBehavior\\VerifyDependsBehavior.pyc": "f1f622088d1a2a6ce25375adaf117ef5", "\\common\\behavior\\verifyBehavior\\VerifyEnvironmentBehavior.pyc": "86feb5099eb977c216cb3f065ad09c6d", "\\common\\behavior\\verifyBehavior\\__init__.pyc": "6fed81b00880d599f0b8facaf59df1a2", "\\common\\config\\AppConfig.pyc": "f4b6d57f6769cf76f862db33f789f216", "\\common\\config\\ClientConfig.pyc": "21743f71b322f4156c3e4d816d7796b8", "\\common\\config\\__init__.pyc": "dba640f4abf1d0e10c5d6f3cef8868ec", "\\common\\config\\ini\\config.ini": "a8e20d3cf1c141aad0a773c40dbfc9ea", "\\common\\config\\json\\toolsTree.json": "60b7f796753349969cf2c00430cfd240", "\\common\\core\\_Global.pyc": "50dacdf4f147a9c65d2b2fcf72cd2165", "\\common\\core\\__init__.pyc": "d2dc8a48bbbe19e6a083c0eb3e5539e4", "\\common\\core\\behaviorCore\\BaseBehavior.pyc": "9b13e39187e192670a7a6055d034ea0a", "\\common\\core\\behaviorCore\\BehaviorBinder.pyc": "d74f30a79f8af88bf3438e717e39d58e", "\\common\\core\\behaviorCore\\BehaviorManager.pyc": "4156a6095e8a926940c54d5012035af2", "\\common\\core\\behaviorCore\\__init__.pyc": "385aaa67e1b032738c839ff0b6a7bebe", "\\common\\core\\cacheCore\\CacheManager.pyc": "6e38e44e9b3934fa51c2ee33a258136a", "\\common\\core\\cacheCore\\__init__.pyc": "607d8fdf09845bab9f1414dcacdf80e3", "\\common\\core\\eventDispatchCore\\EventDispatcher.pyc": "4cc1b99da064f555aca5e1a746d04993", "\\common\\core\\eventDispatchCore\\EventId.pyc": "90bb824a22ee9e375190d0a4f6bfdc9c", "\\common\\core\\eventDispatchCore\\__init__.pyc": "031bbfbac39c41d057c42f64474ca9f0", "\\common\\core\\hotKeyCore\\HotKeyConfig.pyc": "963d8306cba870739a7386b4969a2968", "\\common\\core\\hotKeyCore\\HotKeyManager.pyc": "22e7431744251b55fb877428d11ef653", "\\common\\core\\hotKeyCore\\__init__.pyc": "d4b6d654fde2d4e0b3211a5f3ab7423e", "\\common\\core\\logCore\\Logger.pyc": "66dffd3d0749ea2341c79e8a5d1c42f7", "\\common\\core\\logCore\\__init__.pyc": "5f1e6aeb92032dece961d6ad08c14127", "\\common\\core\\timerCore\\TimerManager.pyc": "152c53084c9458d8ecbfb4a308b2e607", "\\common\\core\\timerCore\\__init__.pyc": "87331fa2b00da739d1ffbea0ef7dcf39", "\\common\\data\\randomPool.pyc": "648d1b58b59e66c78d2eda28a7fc4070", "\\common\\data\\__init__.pyc": "4521aa13734b2eed178f36529a69303f", "\\common\\dialog\\__init__.pyc": "753680397d8c3612e834384a0797177f", "\\common\\dialog\\AboutIPDialog\\AboutIPDialogCtr.pyc": "044bca22b127da9d291b111755f12c61", "\\common\\dialog\\AboutIPDialog\\AboutIPDialogUI.pyc": "9bab2a196403df900211da674d6db9aa", "\\common\\dialog\\AddLocalToolDialog\\AddLocalToolDialogCtr.pyc": "9a2759578b73b91c1b96eb91be82b5e3", "\\common\\dialog\\AddLocalToolDialog\\AddLocalToolDialogUI.pyc": "2fa79e8078c113044601fccc74dfa798", "\\common\\dialog\\DownloadDialog\\DownloadDialogCtr.pyc": "61b69d05b7896abcba52c1abc9344cfd", "\\common\\dialog\\DownloadDialog\\DownloadDialogUI.pyc": "9e4f6d1cf52965e522a012c4889bb9c2", "\\common\\dialog\\LoginDialog\\LoginDialogCtr.pyc": "3200dd8019e0ea5e123a98247990df1c", "\\common\\dialog\\LoginDialog\\LoginDialogUI.pyc": "d6dd28cbb8ad269b66b6d8205c542d4d", "\\common\\dialog\\PackDialog\\PackDialogCtr.pyc": "9555d21e55b4e2d60a24a472f4f2d2b8", "\\common\\dialog\\PackDialog\\PackDialogUI.pyc": "ba284381f539829ed584fc27e9d75756", "\\common\\dialog\\ToolDevelopInfoDialog\\ToolDevelopInfoDialogCtr.pyc": "57ea4eda2d8087cb77ce2e2edb396643", "\\common\\dialog\\ToolDevelopInfoDialog\\ToolDevelopInfoDialogUI.pyc": "684847bf92a58064a4c6e270e0ae06b9", "\\common\\dialog\\ToolInfoDialog\\ToolInfoDialogCtr.pyc": "b9cddf1041f6669fb44f7d10ca4ae2f4", "\\common\\dialog\\ToolInfoDialog\\ToolInfoDialogUI.pyc": "2d7ee365323b73a7f2a33cddb2e0be15", "\\common\\function\\base.pyc": "5edfe29614513cac13f4ace1550a8758", "\\common\\function\\threadEx.pyc": "c39ad3fb1807f6ce993bbe8cf28bbb84", "\\common\\function\\__init__.pyc": "182ef794f093baed53aac5a5f787650e", "\\common\\net\\common_client.pyc": "20e86ea94164ba2cb3ae33b254ee5789", "\\common\\net\\__init__.pyc": "e0c2f3c9690e9eb8c5c6453d9f686381", "\\common\\net\\proto\\common.proto": "7d7f5bd38cd14403f42c256160874068", "\\common\\net\\proto\\common_pb2.pyc": "74f0d09e2dd09b99b9ac68fcc65d5136", "\\common\\net\\proto\\common_pb2_grpc.pyc": "81ba25c5cb904f406067c4697c07f13d", "\\common\\net\\proto\\__init__.pyc": "7c18fe6cc72403c42a8f4e4a43fe788a", "\\common\\res\\img\\dzjh.ico": "9bcec6668ab6ea09d6a8469f1e2a6691", "\\common\\template\\createModule.pyc": "e43f4e22eb31049b7076cbb3ba640c54", "\\common\\template\\module\\behavior.pyc": "29979e8ec49eb45babb8397e0ea77dbd", "\\common\\template\\module\\ModuleCreator.pyc": "37e028c856d88e3bf690c3d9377701d3", "\\common\\template\\module\\__init__.pyc": "919a4ac8f1076932f08147e4789a88f9", "\\common\\template\\module\\dialog\\dialogCtr.pyc": "cdd8d8673bba91060ae3b0182c47940e", "\\common\\template\\module\\dialog\\dialogUI.pyc": "6fa605a5b891e1067b0dbaa76d9b0221", "\\common\\template\\module\\view\\viewCtr.pyc": "f20bf29dc0132d0d39a84ac6a4d332af", "\\common\\template\\module\\view\\viewUI.pyc": "5f73db412d829be98cf391012621dce5", "\\common\\template\\module\\window\\windowCtr.pyc": "a7fb50dc5a7eeb801bef7fc146b94e52", "\\common\\template\\module\\window\\windowUI.pyc": "ca87ae5930bb59b50637326f6b622457", "\\common\\ui\\__init__.pyc": "a91c8d3d6cbaf647e10c642500ba1b51", "\\common\\ui\\control\\DirInputView.pyc": "97762f112a29613e6f536a4b3b390908", "\\common\\ui\\control\\InfoInputView.pyc": "883a4fd09456d852109198cb6e798b5d", "\\common\\ui\\control\\PageIndexCtrl.pyc": "da6ea4bd48c7c9c35e57619b6d217b07", "\\common\\ui\\control\\ScrollView.pyc": "d408517e465824afdeeb0cd7fd75255c", "\\common\\ui\\control\\ScrollWindow.pyc": "9257ac2288ae74319698685a2ed77df7", "\\common\\ui\\control\\__init__.pyc": "de32f5df223c4adf8c70bffbae60668a", "\\common\\ui\\label\\TitleDetailText.pyc": "dd47ae2e8c31ef894a7ac8681a15048c", "\\common\\ui\\label\\TitleSketchText.pyc": "c3a5f1a7cbffc23131cfb89b5a1dcc76", "\\common\\ui\\label\\XmlLabel.pyc": "3889ed55f84d6e8a962f0a48ff9c81e1", "\\common\\ui\\label\\__init__.pyc": "6898ceec336522020cd93a105198040f", "\\common\\view\\DownPagesView\\DownPagesViewCtr.pyc": "926d3b186870fd1855810b3aeb99fa6a", "\\common\\view\\DownPagesView\\DownPagesViewUI.pyc": "54b829f5a5cb406d59bfdd44d4c0920f", "\\common\\view\\HomePageView\\HomePageViewCtr.pyc": "a91c44c2560761770886a9b635299882", "\\common\\view\\HomePageView\\HomePageViewUI.pyc": "5240b41abe696d846e982f9d51cb55a9", "\\common\\view\\NoteBookView\\NoteBookViewCtr.pyc": "b6782babcb4f24e289c60dd57c7d4a59", "\\common\\view\\NoteBookView\\NoteBookViewUI.pyc": "af95c3987da449b77ec151bd35420fb3", "\\common\\view\\PageGridsView\\PageGridsViewCtr.pyc": "ad9314b2e317191350825599446b7885", "\\common\\view\\PageGridsView\\PageGridsViewUI.pyc": "ceb8fb79aa4244cba07d461e75b87b2a", "\\common\\view\\PopupMenuView\\PopupMenuViewCtr.pyc": "02ae15c0e34cbf8c5e2757887f54f9e1", "\\common\\view\\PopupMenuView\\PopupMenuViewUI.pyc": "74890c6dff178460ee6f42ae0bf4e5e3", "\\common\\view\\RankingListView\\RankingListViewCtr.pyc": "1d3bccf4d2b0ee69ba366d73d9ba7f7a", "\\common\\view\\RankingListView\\RankingListViewUI.pyc": "cd2be3e25f8c2f6f27cb875c93846f11", "\\common\\view\\SearchPanelView\\SearchPanelViewCtr.pyc": "e2e08e066355f4b47a30f512ff89c209", "\\common\\view\\SearchPanelView\\SearchPanelViewUI.pyc": "073d8b7260f13863329e558bf2926ee8", "\\common\\view\\SearchToolView\\SearchToolViewCtr.pyc": "6c9b7c47e9e45724e626752d583a6a74", "\\common\\view\\SearchToolView\\SearchToolViewUI.pyc": "0643d91a477137bd161bba3def7dbd4c", "\\common\\view\\SketchGridView\\SketchGridViewCtr.pyc": "6070bfa573894e394af9222210ed3213", "\\common\\view\\SketchGridView\\SketchGridViewUI.pyc": "82e2e32ad6f0ab36dafa502cc8cf42a1", "\\common\\view\\TitleGridsView\\TitleGridsViewCtr.pyc": "30d022bac71ceb2e1decbd41808d931f", "\\common\\view\\TitleGridsView\\TitleGridsViewUI.pyc": "e375e31f8c352578e35fd57ab22adff0", "\\common\\view\\TreeItemsView\\TreeItemsViewCtr.pyc": "141fd21d5e435ba2d5bd96d1fc8e18bf", "\\common\\view\\TreeItemsView\\TreeItemsViewUI.pyc": "a6e14dff3fd73a3a639b4f87b12d1a9d", "\\common\\view\\UserNameTextView\\UserNameTextViewCtr.pyc": "0568115bc1e28096bac09a9c0b078345", "\\common\\view\\UserNameTextView\\UserNameTextViewUI.pyc": "21cd376bd0d9a0989ab080042ef58718", "\\common\\window\\WindowLoader.pyc": "97482e539223c68c2377e6e803cb8dc4", "\\common\\window\\__init__.pyc": "ab08f10cb4b20bffea52ddd20911f929", "\\common\\window\\MainWindow\\MainWindowCtr.pyc": "31a75a6b7c1688eed01d36c11203e253", "\\common\\window\\MainWindow\\MainWindowUI.pyc": "330bed078893dd0e69e3343c3b4c9d3a", "\\common\\window\\MainWindow\\WindowLeftView\\WindowLeftViewCtr.pyc": "1d50eba67af4a6c52a2abb27f6aa54bc", "\\common\\window\\MainWindow\\WindowLeftView\\WindowLeftViewUI.pyc": "38baf7d8cf08d7fbdb408cef43aa94f0", "\\common\\window\\MainWindow\\WindowRightView\\WindowRightViewCtr.pyc": "769184725511f35a9c87b791983d0430", "\\common\\window\\MainWindow\\WindowRightView\\WindowRightViewUI.pyc": "f34564744eda91c44e7e2bca433bc3b0", "\\common\\window\\ParentWindow\\ParentWindowCtr.pyc": "30643c7fa8ca21711a14e1ac63ec715b", "\\common\\window\\ParentWindow\\ParentWindowUI.pyc": "0dd1254e669c22d1720129eff2ccc69d", "\\common\\window\\ParentWindow\\MenuBarView\\MenuBarViewCtr.pyc": "775be41635fdc57e23249b2ca5d2d44a", "\\common\\window\\ParentWindow\\MenuBarView\\MenuBarViewUI.pyc": "093963dec6e8fba4f9c32ea41b8dadbd", "\\common\\window\\SearchPanelWindow\\SearchPanelWindowCtr.pyc": "74d78cda4bcc12254aeee07e6f9dfd8f", "\\common\\window\\SearchPanelWindow\\SearchPanelWindowUI.pyc": "a884333e8af7dd9254d5eb5269922178", "\\launcher\\_load.pyc": "4ed6129bdd54b8ab7b3cb75284ff13e1", "\\launcher\\__init__.pyc": "4bc033306e8091ce41bd390b45dfbaae", "\\launcher\\behavior\\VerifyProjectBehavior.pyc": "e115dfb84341e102a49b8a17264ba5e6", "\\launcher\\view\\LauncherGaugeView\\LauncherGaugeViewCtr.pyc": "c5147c6ac9ccc0b6b00364f38c15a5e1", "\\launcher\\view\\LauncherGaugeView\\LauncherGaugeViewUI.pyc": "47f34a6114fe207bf7880be979f08498", "\\launcher\\window\\LauncherWindow\\LauncherWindowCtr.pyc": "084c75b9555bd4d70aa35c60f017e4ef", "\\launcher\\window\\LauncherWindow\\LauncherWindowUI.pyc": "1541eeb7e283ce4dab31e5bcec51270a", "\\template\\assets\\main.pyc": "4a3cdc8a26ed3f8696ffe0f8f5497cc9", "\\template\\assets\\MainWindowLoader.pyc": "41f9ac06fae29024fc592af9f6c59838", "\\template\\assets\\ProjectConfig.pyc": "248760154580631dfabf5b1ccb6d2694", "\\template\\assets\\tool\\depends.mod": "d41d8cd98f00b204e9800998ecf8427e", "\\template\\assets\\tool\\tool.json": "c7db80424888e7cbe77f8505c0856f6b", "\\template\\assets\\tool\\behavior\\__init__.pyc": "ed04eb242dadd5659bcdef415c01488e", "\\template\\assets\\tool\\config\\__init__.pyc": "b6909070a36c447602e28c6864ad1967", "\\template\\assets\\tool\\MainView\\MainViewCtr.pyc": "c6bb996787f3ab2b09ca7d0a441c235e", "\\template\\assets\\tool\\MainView\\MainViewUI.pyc": "90fedd4f23b844191579f441c90ffb4f", "\\template\\assets\\tool\\ui\\__init__.pyc": "1793464b8b4e3046450ef1bfbe90e97b", "\\template\\assets\\tool\\utill\\__init__.pyc": "c924bcc2ba996bb504832276df5d4c7c", "\\template\\assets\\tool\\view\\__init__.pyc": "e46fbf61a657928efbbc7c16e5c70f42", "\\template\\run\\run.bat": "7d2574497631838d8cc479c5ea7a5548", "\\template\\run\\run.vbs": "1877fbe76c09c173ecd6d58ee4c79bf3", "\\update\\update.pyc": "4b998fb2696e6408a84906a617aa5e29"}