{"\\tool.json": "5ec2401dcca793e09dfaee578e6565d7", "\\_load.pyc": "41682f4974b1211a61db73ceee6436a5", "\\behavior\\__init__.pyc": "40eb1ce3efc19f1b79fa78d6fb721aba", "\\config\\EventId.pyc": "b5edb2f45cea79d57b6da6c9c2d2687e", "\\config\\gameConfig.pyc": "020efa32f6e3be036d8dad21ff5d6321", "\\config\\HotKeyConfig.pyc": "655ee8ff95ad6181c222e03ce4e49573", "\\config\\__init__.pyc": "cce8d7abd32ea0b5455e9dd339c71817", "\\data\\Snake.pyc": "b9aad497ff312a894985a4c52b4b37b9", "\\data\\__init__.pyc": "baff70842a6402e8938032a5bfb2e452", "\\MainView\\MainViewCtr.pyc": "8ec010218408047d11e1e9afc43d9594", "\\MainView\\MainViewUI.pyc": "7a8a156674ca085fc74de6c8f699dbb1", "\\ui\\__init__.pyc": "10d58eba745acef92e5a738e2a888beb", "\\utill\\__init__.pyc": "f1e48770607ff89032bcf71c07f8a44f", "\\view\\__init__.pyc": "f2d2ca7fb905f1539cf6f636d67f2b4d", "\\view\\RuleView\\RuleViewCtr.pyc": "038e76ea53e96216ac8a15bdc0a41498", "\\view\\RuleView\\RuleViewUI.pyc": "7566d44674437f03d833739f2cc5bbbe", "\\view\\ScoreView\\ScoreViewCtr.pyc": "712105e9562a725bc99f60a3469cab8a", "\\view\\ScoreView\\ScoreViewUI.pyc": "286798d23e55f2d9b8a669bbd7f217df", "\\view\\SnakeView\\SnakeViewCtr.pyc": "3cd29384df0a496bb63d471c49086afa", "\\view\\SnakeView\\SnakeViewUI.pyc": "3bc3fcfb7d617e32d45ea1d901d38627"}