{"\\build.pyc": "89008dc242a0ccdef71a2dd6f48fb3ff", "\\depends.mod": "caf58fcac22038e88143f905df85e62c", "\\main.pyc": "84dd6e3406c108087fc212a5a6e6b1ae", "\\ProjectConfig.pyc": "150be48c10fc9711bf816cfaac56ace9", "\\common\\README.md": "cbad6b712410383b74123bf48a554723", "\\common\\_load.pyc": "3bfbab950d7b790cef5d44249891b33a", "\\common\\__init__.pyc": "af336b653029519a5cc017c0654ad71e", "\\common\\behavior\\compileBehavior\\CompilePyBehavior.pyc": "83afd88d2c4450241d5822e51798492e", "\\common\\behavior\\ConfigParseBehavior\\IniConfigParseBehavior.pyc": "e102dc5bf50cf796c4a2b6912245717d", "\\common\\behavior\\ConfigParseBehavior\\JsonConfigBehavior.pyc": "63aa42a48bf1141df50547b31c9a1474", "\\common\\behavior\\ConfigParseBehavior\\XmlConfigParseBehavior.pyc": "5d070f9eeff870225e6fa6c9e7357ea4", "\\common\\behavior\\ConfigParseBehavior\\__init__.pyc": "82f749a9a69b2af1d21b6eb7b3a62ecb", "\\common\\behavior\\CopyBehavior\\ShutilCopyBehavior.pyc": "85902ce8928572d7d7a67c67b0d1a02f", "\\common\\behavior\\FormatBehavior\\NumFormatBehavior.pyc": "b7ab1d7e7fb090204e742d48d2729d91", "\\common\\behavior\\installBehavior\\InstallPythonPackageBehavior.pyc": "00f4d4e768e1c0dfaa9d09427edf14ea", "\\common\\behavior\\installBehavior\\__init__.pyc": "5a7a343a3e153803fcb7db4fdfb30ed2", "\\common\\behavior\\serviceBehavior\\IPInfoBehavior.pyc": "8190c2f706d2f723efda984e4bf8355f", "\\common\\behavior\\serviceBehavior\\ServiceBehavior.pyc": "1174bd84bb6ef8b77eb744eb021cfcec", "\\common\\behavior\\serviceBehavior\\ToolServiceBehavior.pyc": "c6fd47cbe784970cba1da03ce2924f13", "\\common\\behavior\\serviceBehavior\\UpDownloadBehavior.pyc": "fd91aa8125ee4a019341ded9a340ecb3", "\\common\\behavior\\serviceBehavior\\UserServiceBehavior.pyc": "c0ddc6ca4a9a64372b4e1bf0f50e39bd", "\\common\\behavior\\serviceBehavior\\__init__.pyc": "6f56dfcf4989e7131b3c86aa018d2d25", "\\common\\behavior\\verifyBehavior\\VerifyDependsBehavior.pyc": "b723a5c2a33822e91d2bcac7fb75742c", "\\common\\behavior\\verifyBehavior\\VerifyEnvironmentBehavior.pyc": "86feb5099eb977c216cb3f065ad09c6d", "\\common\\behavior\\verifyBehavior\\__init__.pyc": "2f2f0d42f36c5f63eda4ef316781f927", "\\common\\config\\AppConfig.pyc": "b25ebfd6d683f31d492b3aa2cf6b1096", "\\common\\config\\ClientConfig.pyc": "38c48752b7745adf23ef1e0f13c94051", "\\common\\config\\__init__.pyc": "dba640f4abf1d0e10c5d6f3cef8868ec", "\\common\\config\\ini\\config.ini": "d0b7425d669233ddc481128e48e806ad", "\\common\\config\\json\\toolsTree.json": "fa0cc51b8a3075dc88c540c7f9b5d04c", "\\common\\core\\_Global.pyc": "50dacdf4f147a9c65d2b2fcf72cd2165", "\\common\\core\\__init__.pyc": "53944039e19318a160086cf8486d760c", "\\common\\core\\behaviorCore\\BaseBehavior.pyc": "9b13e39187e192670a7a6055d034ea0a", "\\common\\core\\behaviorCore\\BehaviorBinder.pyc": "d74f30a79f8af88bf3438e717e39d58e", "\\common\\core\\behaviorCore\\BehaviorManager.pyc": "4156a6095e8a926940c54d5012035af2", "\\common\\core\\behaviorCore\\__init__.pyc": "385aaa67e1b032738c839ff0b6a7bebe", "\\common\\core\\cacheCore\\CacheManager.pyc": "6e38e44e9b3934fa51c2ee33a258136a", "\\common\\core\\cacheCore\\__init__.pyc": "607d8fdf09845bab9f1414dcacdf80e3", "\\common\\core\\eventDispatchCore\\EventDispatcher.pyc": "4cc1b99da064f555aca5e1a746d04993", "\\common\\core\\eventDispatchCore\\EventId.pyc": "90bb824a22ee9e375190d0a4f6bfdc9c", "\\common\\core\\eventDispatchCore\\__init__.pyc": "031bbfbac39c41d057c42f64474ca9f0", "\\common\\core\\hotKeyCore\\HotKeyConfig.pyc": "963d8306cba870739a7386b4969a2968", "\\common\\core\\hotKeyCore\\HotKeyManager.pyc": "22e7431744251b55fb877428d11ef653", "\\common\\core\\hotKeyCore\\__init__.pyc": "d4b6d654fde2d4e0b3211a5f3ab7423e", "\\common\\core\\logCore\\Logger.pyc": "66dffd3d0749ea2341c79e8a5d1c42f7", "\\common\\core\\logCore\\__init__.pyc": "5f1e6aeb92032dece961d6ad08c14127", "\\common\\core\\timerCore\\TimerManager.pyc": "152c53084c9458d8ecbfb4a308b2e607", "\\common\\core\\timerCore\\__init__.pyc": "87331fa2b00da739d1ffbea0ef7dcf39", "\\common\\data\\randomPool.pyc": "648d1b58b59e66c78d2eda28a7fc4070", "\\common\\data\\__init__.pyc": "4521aa13734b2eed178f36529a69303f", "\\common\\dialog\\__init__.pyc": "def52502842d0e5c239d16bd26c27817", "\\common\\dialog\\AboutIPDialog\\AboutIPDialogCtr.pyc": "044bca22b127da9d291b111755f12c61", "\\common\\dialog\\AboutIPDialog\\AboutIPDialogUI.pyc": "44a592b331ee5c990ba72761370e0dcd", "\\common\\dialog\\AddLocalToolDialog\\AddLocalToolDialogCtr.pyc": "9a2759578b73b91c1b96eb91be82b5e3", "\\common\\dialog\\AddLocalToolDialog\\AddLocalToolDialogUI.pyc": "2fa79e8078c113044601fccc74dfa798", "\\common\\dialog\\DownloadDialog\\DownloadDialogCtr.pyc": "be547d491008a5cb00f744d428e4c1e8", "\\common\\dialog\\DownloadDialog\\DownloadDialogUI.pyc": "893b22bb7e0fef24670001f9ebd658d9", "\\common\\dialog\\LoginDialog\\LoginDialogCtr.pyc": "3200dd8019e0ea5e123a98247990df1c", "\\common\\dialog\\LoginDialog\\LoginDialogUI.pyc": "d6dd28cbb8ad269b66b6d8205c542d4d", "\\common\\dialog\\PackDialog\\PackDialogCtr.pyc": "9555d21e55b4e2d60a24a472f4f2d2b8", "\\common\\dialog\\PackDialog\\PackDialogUI.pyc": "ba284381f539829ed584fc27e9d75756", "\\common\\dialog\\ToolDevelopInfoDialog\\ToolDevelopInfoDialogCtr.pyc": "57ea4eda2d8087cb77ce2e2edb396643", "\\common\\dialog\\ToolDevelopInfoDialog\\ToolDevelopInfoDialogUI.pyc": "684847bf92a58064a4c6e270e0ae06b9", "\\common\\dialog\\ToolInfoDialog\\ToolInfoDialogCtr.pyc": "b9cddf1041f6669fb44f7d10ca4ae2f4", "\\common\\dialog\\ToolInfoDialog\\ToolInfoDialogUI.pyc": "2d7ee365323b73a7f2a33cddb2e0be15", "\\common\\function\\base.pyc": "1b0837af0104db9f8de06bac5cf5cbc3", "\\common\\function\\threadEx.pyc": "e417d6efa816708d73e77a41d3dd9d07", "\\common\\function\\__init__.pyc": "182ef794f093baed53aac5a5f787650e", "\\common\\net\\common_client.pyc": "20e86ea94164ba2cb3ae33b254ee5789", "\\common\\net\\__init__.pyc": "e0c2f3c9690e9eb8c5c6453d9f686381", "\\common\\net\\proto\\common.proto": "40433a5f5a743d6aa81409202aaf244e", "\\common\\net\\proto\\common_pb2.pyc": "f7906333cea399263cd08e750e1a0eb7", "\\common\\net\\proto\\common_pb2_grpc.pyc": "f9da9825aaee7aff7522798e940979e0", "\\common\\net\\proto\\__init__.pyc": "bc4f2ec9ca2be77e35653834a0843876", "\\common\\res\\img\\dzjh.ico": "9bcec6668ab6ea09d6a8469f1e2a6691", "\\common\\template\\createModule.pyc": "5e4372e014c99a97f3383e6228e0ce80", "\\common\\template\\module\\behavior.pyc": "10c9f0d0f63a70e467233da7bca2acfa", "\\common\\template\\module\\ModuleCreator.pyc": "37e028c856d88e3bf690c3d9377701d3", "\\common\\template\\module\\__init__.pyc": "919a4ac8f1076932f08147e4789a88f9", "\\common\\template\\module\\dialog\\dialogCtr.pyc": "94807cef871e29df46fa628d24db5c2c", "\\common\\template\\module\\dialog\\dialogUI.pyc": "b2eb675d5226252a18c2a90291cfcc48", "\\common\\template\\module\\view\\viewCtr.pyc": "4330f9de86db007bc22a330d672be3eb", "\\common\\template\\module\\view\\viewUI.pyc": "e313d9f5aab1654ef19a5ecc718601bb", "\\common\\template\\module\\window\\windowCtr.pyc": "829bcbf25bf430c63b6f7a1134510b36", "\\common\\template\\module\\window\\windowUI.pyc": "ff111cd4661a1d03147b5a699d85d686", "\\common\\ui\\__init__.pyc": "a91c8d3d6cbaf647e10c642500ba1b51", "\\common\\ui\\control\\DirInputView.pyc": "97762f112a29613e6f536a4b3b390908", "\\common\\ui\\control\\InfoInputView.pyc": "883a4fd09456d852109198cb6e798b5d", "\\common\\ui\\control\\PageIndexCtrl.pyc": "da6ea4bd48c7c9c35e57619b6d217b07", "\\common\\ui\\control\\ScrollView.pyc": "d408517e465824afdeeb0cd7fd75255c", "\\common\\ui\\control\\ScrollWindow.pyc": "9257ac2288ae74319698685a2ed77df7", "\\common\\ui\\control\\__init__.pyc": "de32f5df223c4adf8c70bffbae60668a", "\\common\\ui\\label\\TitleDetailText.pyc": "dd47ae2e8c31ef894a7ac8681a15048c", "\\common\\ui\\label\\TitleSketchText.pyc": "c22d5fdb1625f1e87bfa269b76aa8e38", "\\common\\ui\\label\\XmlLabel.pyc": "e1534e8ab0e88581c4e948d6154bd234", "\\common\\ui\\label\\__init__.pyc": "6898ceec336522020cd93a105198040f", "\\common\\view\\DownPagesView\\DownPagesViewCtr.pyc": "926d3b186870fd1855810b3aeb99fa6a", "\\common\\view\\DownPagesView\\DownPagesViewUI.pyc": "54b829f5a5cb406d59bfdd44d4c0920f", "\\common\\view\\HomePageView\\HomePageViewCtr.pyc": "28ab2f59f5a528bc03f4c8808c4d5e0d", "\\common\\view\\HomePageView\\HomePageViewUI.pyc": "5240b41abe696d846e982f9d51cb55a9", "\\common\\view\\NoteBookView\\NoteBookViewCtr.pyc": "b6782babcb4f24e289c60dd57c7d4a59", "\\common\\view\\NoteBookView\\NoteBookViewUI.pyc": "af95c3987da449b77ec151bd35420fb3", "\\common\\view\\PageGridsView\\PageGridsViewCtr.pyc": "ad9314b2e317191350825599446b7885", "\\common\\view\\PageGridsView\\PageGridsViewUI.pyc": "ceb8fb79aa4244cba07d461e75b87b2a", "\\common\\view\\PopupMenuView\\PopupMenuViewCtr.pyc": "02ae15c0e34cbf8c5e2757887f54f9e1", "\\common\\view\\PopupMenuView\\PopupMenuViewUI.pyc": "74890c6dff178460ee6f42ae0bf4e5e3", "\\common\\view\\RankingListView\\RankingListViewCtr.pyc": "1d3bccf4d2b0ee69ba366d73d9ba7f7a", "\\common\\view\\RankingListView\\RankingListViewUI.pyc": "cd2be3e25f8c2f6f27cb875c93846f11", "\\common\\view\\SearchPanelView\\SearchPanelViewCtr.pyc": "360f2a53b074146734c0c4eaa8313c23", "\\common\\view\\SearchPanelView\\SearchPanelViewUI.pyc": "19d783e3c4d8b10d6abe5cb80ac9f1c1", "\\common\\view\\SearchToolView\\SearchToolViewCtr.pyc": "cfb71668eb79ba01e3790032a270e120", "\\common\\view\\SearchToolView\\SearchToolViewUI.pyc": "89b1facd199abe23b15c0bf60a7de26f", "\\common\\view\\SketchGridView\\SketchGridViewCtr.pyc": "6070bfa573894e394af9222210ed3213", "\\common\\view\\SketchGridView\\SketchGridViewUI.pyc": "82e2e32ad6f0ab36dafa502cc8cf42a1", "\\common\\view\\TitleGridsView\\TitleGridsViewCtr.pyc": "30d022bac71ceb2e1decbd41808d931f", "\\common\\view\\TitleGridsView\\TitleGridsViewUI.pyc": "e375e31f8c352578e35fd57ab22adff0", "\\common\\view\\TreeItemsView\\TreeItemsViewCtr.pyc": "a10cceb61ecf981229f39ef5fa579f5e", "\\common\\view\\TreeItemsView\\TreeItemsViewUI.pyc": "a6e14dff3fd73a3a639b4f87b12d1a9d", "\\common\\view\\UserNameTextView\\UserNameTextViewCtr.pyc": "0568115bc1e28096bac09a9c0b078345", "\\common\\view\\UserNameTextView\\UserNameTextViewUI.pyc": "21cd376bd0d9a0989ab080042ef58718", "\\common\\window\\WindowLoader.pyc": "7676a1934d77527ea0a254e5a1e3d516", "\\common\\window\\__init__.pyc": "ab08f10cb4b20bffea52ddd20911f929", "\\common\\window\\MainWindow\\MainWindowCtr.pyc": "31a75a6b7c1688eed01d36c11203e253", "\\common\\window\\MainWindow\\MainWindowUI.pyc": "330bed078893dd0e69e3343c3b4c9d3a", "\\common\\window\\MainWindow\\WindowLeftView\\WindowLeftViewCtr.pyc": "1d50eba67af4a6c52a2abb27f6aa54bc", "\\common\\window\\MainWindow\\WindowLeftView\\WindowLeftViewUI.pyc": "38baf7d8cf08d7fbdb408cef43aa94f0", "\\common\\window\\MainWindow\\WindowRightView\\WindowRightViewCtr.pyc": "769184725511f35a9c87b791983d0430", "\\common\\window\\MainWindow\\WindowRightView\\WindowRightViewUI.pyc": "f34564744eda91c44e7e2bca433bc3b0", "\\common\\window\\ParentWindow\\ParentWindowCtr.pyc": "30643c7fa8ca21711a14e1ac63ec715b", "\\common\\window\\ParentWindow\\ParentWindowUI.pyc": "33cb7b78f54a9387a8219f78f6f99973", "\\common\\window\\ParentWindow\\MenuBarView\\MenuBarViewCtr.pyc": "45fd904fc8c4fdd4fc0273ff143b35fa", "\\common\\window\\ParentWindow\\MenuBarView\\MenuBarViewUI.pyc": "093963dec6e8fba4f9c32ea41b8dadbd", "\\common\\window\\SearchPanelWindow\\SearchPanelWindowCtr.pyc": "75489ee874268a49bf4dd9d99e8ce834", "\\common\\window\\SearchPanelWindow\\SearchPanelWindowUI.pyc": "193a6aeeb667966689c761d7efa40e04", "\\launcher\\_load.pyc": "4ed6129bdd54b8ab7b3cb75284ff13e1", "\\launcher\\__init__.pyc": "4bc033306e8091ce41bd390b45dfbaae", "\\launcher\\behavior\\VerifyProjectBehavior.pyc": "273a83a444dc372e0a0b9cc79852cf17", "\\launcher\\view\\LauncherGaugeView\\LauncherGaugeViewCtr.pyc": "c5147c6ac9ccc0b6b00364f38c15a5e1", "\\launcher\\view\\LauncherGaugeView\\LauncherGaugeViewUI.pyc": "47f34a6114fe207bf7880be979f08498", "\\launcher\\window\\LauncherWindow\\LauncherWindowCtr.pyc": "084c75b9555bd4d70aa35c60f017e4ef", "\\launcher\\window\\LauncherWindow\\LauncherWindowUI.pyc": "e7628030dca30bfea94d5fa92253fab2", "\\template\\assets\\main.pyc": "8c0498c2dd3c1578c4f3b3829b1ffaa8", "\\template\\assets\\MainWindowLoader.pyc": "578d41093bfe227388f54ee674100475", "\\template\\assets\\ProjectConfig.pyc": "e75a00469fe25bf408c2a1feaf818ec8", "\\template\\assets\\tool\\depends.mod": "d41d8cd98f00b204e9800998ecf8427e", "\\template\\assets\\tool\\tool.json": "c7db80424888e7cbe77f8505c0856f6b", "\\template\\assets\\tool\\behavior\\__init__.pyc": "330e8e36fab6fee32e7f9a931d382cb6", "\\template\\assets\\tool\\config\\__init__.pyc": "0804782526a45f15c9dcbe29aed4eeb2", "\\template\\assets\\tool\\MainView\\MainViewCtr.pyc": "b91ae72903abbd446a77f5efcead65f5", "\\template\\assets\\tool\\MainView\\MainViewUI.pyc": "197450608be3756387ad4b081b32a1d8", "\\template\\assets\\tool\\ui\\__init__.pyc": "07cfbd7afe4bf75e474bd7a946f4c1c6", "\\template\\assets\\tool\\utill\\__init__.pyc": "48c02ca79bbbf5274712bdcc0d981da1", "\\template\\assets\\tool\\view\\__init__.pyc": "6e9a8474d9ae5b0511f1301d7a11bc69", "\\template\\run\\run.bat": "7d2574497631838d8cc479c5ea7a5548", "\\template\\run\\run.vbs": "1877fbe76c09c173ecd6d58ee4c79bf3", "\\update\\main.pyc": "3f9b80f727d8e3552b6d97196e440f60", "\\update\\merge_pack.pyc": "1f4500f601ff3fbc2ca0d5e408ab6f2d", "\\update\\README.md": "ee79fc548e2c9bebc0088d494ad9c7d4", "\\update\\update.pyc": "b79e45ad4299bde9c4890aabdcbd59bf", "\\update\\config\\AppConfig.pyc": "57d8d3d53f36919a33a2df7faf84ba21", "\\update\\event\\EventDispatcher.pyc": "da32b9b3b66627ac4e5e3d9bf600cf92", "\\update\\event\\EventId.pyc": "cca81a2d3f30d6dff453515b846944e9", "\\update\\event\\Instance.pyc": "1dc4bffd6f46852e4fa416815ac1e847", "\\update\\icon\\dzjh.ico": "9bcec6668ab6ea09d6a8469f1e2a6691", "\\update\\icon\\encodeb64.pyc": "ab4558cda2fb05baeaae390e5457fcbd", "\\update\\utils\\baseUtil.pyc": "1cf5a56ce32fa00763fd6f29cfe04cfe", "\\update\\utils\\threadUtil.pyc": "c21681722fc8600306801dcb99bb0068", "\\update\\utils\\updateUtil.pyc": "1511ce3e408e8a9a1b65d036df3c21f1", "\\update\\utils\\urlUtil.pyc": "354c963895e1c963535fe1d65efd8303", "\\update\\view\\GaugeView\\GaugeViewCtr.pyc": "77b2a3f7a80d25d25cc047053558a407", "\\update\\view\\GaugeView\\GaugeViewUI.pyc": "72817badc00b75a11b73b11a4fc7829f", "\\update\\window\\MainApp.pyc": "10ba532dc3f9e22e37aaad766c434b2f", "\\update\\window\\MainWindow\\MainWindowCtr.pyc": "23e88101e1ff1a7489486c34cd72cdba", "\\update\\window\\MainWindow\\MainWindowUI.pyc": "dd6cf27ebd6f390f30e48258b2eee032"}