{"\\depends.mod": "d41d8cd98f00b204e9800998ecf8427e", "\\tool.json": "7dc48a65ae6ac03c320b77e148263f70", "\\_load.pyc": "ce7c583ce01e6b2ba3d3777f0fa68a66", "\\behavior\\NormalRuleBehavior.pyc": "cb9097f81d3558518f5406fc02d1b960", "\\behavior\\__init__.pyc": "9c5c8bec121596df880c6c6380c15228", "\\config\\chess_config.pyc": "875e800b72bc0f3e2a73b2f75f7ff2c0", "\\config\\event_id.pyc": "f730e1d55b7716eef332fceff963eeeb", "\\config\\project_config.pyc": "af34cbf495af7dac0a7a5981aa9bc9e3", "\\config\\__init__.pyc": "7331f71c65a91a31e2d10d3adadb65e8", "\\MainView\\MainViewCtr.pyc": "fc74d38cd4fe86f931a20b1d273b369c", "\\MainView\\MainViewUI.pyc": "f21089b14f17de0d6ad1c82f9c8110e0", "\\res\\b_advisor.png": "c5c69cb33e9a102cbf449f483d08a49c", "\\res\\b_cannon.png": "9e617877362b2c0f016a5ba40e072f3a", "\\res\\b_chariot.png": "afb1668ed847a9f2835e153bbcb389ca", "\\res\\b_elephant.png": "7c2d72f290d6a4c0706a6286ed5a7faa", "\\res\\b_general.png": "c34b5409238fa9ff01b572db792246b3", "\\res\\b_horse.png": "96b666983c042775603b2a9fbd09c8a4", "\\res\\b_soldier.png": "5abb43159c61ab660945c57e867b72b8", "\\res\\r_advisor.png": "d05faf9c3e9da6c454884b3928f058a0", "\\res\\r_cannon.png": "da179c20e8e7fc35ea4d3c4dde277fc7", "\\res\\r_chariot.png": "89273dbd1ae015b9aed6897038cb8d73", "\\res\\r_elephant.png": "8421863d4c1bb4882a104030c83b6bb9", "\\res\\r_general.png": "a86c5a81cd0e0071892158de7863314d", "\\res\\r_horse.png": "21add0604146f1ddd70819bf185c1597", "\\res\\r_soldier.png": "4c9afc86d39c3b02e366e01089bb21d8", "\\ui\\bitmap.pyc": "30cab74e7aadc5b43c1cb4751d334523", "\\ui\\__init__.pyc": "850e366d57eb3226d9d72468930a1040", "\\utill\\__init__.pyc": "4decd004e2ba096474e160392f11a0e4", "\\view\\__init__.pyc": "fee4c9d8e7df81f228bbe0a4763f8832", "\\view\\BanQiView\\BanQiViewCtr.pyc": "618d06243f3aa5bf677c0cbd075a2d38", "\\view\\BanQiView\\BanQiViewUI.pyc": "7bf7c1a0fcee5c74afc5ccf11458df41", "\\view\\ChessView\\ChessViewCtr.pyc": "a1d390410303d40eb384297e0d8e9a65", "\\view\\ChessView\\ChessViewUI.pyc": "fc8c9089f90dda627406f50620510fd7", "\\view\\ControllerView\\ControllerViewCtr.pyc": "418b59ae4a8a3d1de02bc48a58f12190", "\\view\\ControllerView\\ControllerViewUI.pyc": "9f35d39f9f77a08de201a2be5f752618", "\\view\\TimingView\\TimingViewCtr.pyc": "ea8b162f506fe12bef960eee88333730", "\\view\\TimingView\\TimingViewUI.pyc": "264bcc5538b328fd2fd69522892570b1", "\\view\\TipsView\\TipsViewCtr.pyc": "92e822b8f60ad45b66ff69b4b9456214", "\\view\\TipsView\\TipsViewUI.pyc": "283516f4b0a47c3ae5d0fd92a721c573"}