{"\\tool.json": "5ec2401dcca793e09dfaee578e6565d7", "\\_load.pyc": "67a0bc5acf3fc9c1d117eed0dc86e18e", "\\behavior\\__init__.pyc": "8a3f5ef2b40c562c970df6a3f63f9c96", "\\config\\EventId.pyc": "fb76f9476184e5005cbcb20022f6041d", "\\config\\gameConfig.pyc": "40ffd2b014aa133fa6c5ae2f851f3dec", "\\config\\HotKeyConfig.pyc": "f9616c8091b723c1a0887a966e216ebf", "\\config\\__init__.pyc": "24bd052044c37108f07ea402b351ec41", "\\data\\Snake.pyc": "0ec930ccec57bc2bee89f11464e93972", "\\data\\__init__.pyc": "e0d163fc3987d34467c8d7d692e57cb1", "\\MainView\\MainViewCtr.pyc": "c910fc3dea721aabd41225a2e2fd6939", "\\MainView\\MainViewUI.pyc": "c8a8ecf532ee89f9e69f07be4de5d7d7", "\\ui\\__init__.pyc": "12834d3b109f3be4edd2f19beea4f215", "\\utill\\__init__.pyc": "0b13f4d50e28ce6ca68cca080879e2ba", "\\view\\__init__.pyc": "a765a2034baff14a7d070b22d0c26ce1", "\\view\\RuleView\\RuleViewCtr.pyc": "e2a162881729bf7893d340a3398dc564", "\\view\\RuleView\\RuleViewUI.pyc": "87c36d4f1665f9a4c79f562d570ec1a3", "\\view\\ScoreView\\ScoreViewCtr.pyc": "7fd6a067252fd8b9b25c9066f56c122d", "\\view\\ScoreView\\ScoreViewUI.pyc": "3421c3927b466a57e0fa26f574d50ef5", "\\view\\SnakeView\\SnakeViewCtr.pyc": "0cee2d3baaee2bdb2408b23437743330", "\\view\\SnakeView\\SnakeViewUI.pyc": "a5c89449f52f4266e3fee5b86f208a44"}