{"\\tool.json": "c43eea2128ccdec242054fa3f823412a", "\\_load.pyc": "3dba09fe07baaf370fe0f74b4b318e55", "\\behavior\\__init__.pyc": "46e114b51dc734e9a3835b9651e3509c", "\\config\\EventId.pyc": "3cbe631b6d8f5f3923d7177b2cde882d", "\\config\\gameConfig.pyc": "487f9225b5ad5bafb14d7abc2581dc32", "\\config\\HotKeyConfig.pyc": "02dc8f417d404c488cf4d4e402b7a9b2", "\\config\\__init__.pyc": "57f794389e2eb0b89c8cf38c7be55c6f", "\\MainView\\MainViewCtr.pyc": "4c12f222f74bbd2aad30cc79aac64a68", "\\MainView\\MainViewUI.pyc": "26bb21b21d92970c8c5b48b15ee0fd46", "\\ui\\__init__.pyc": "2b8eaa8737acff3c099a3879fd470d66", "\\utill\\__init__.pyc": "74958cfd87a4b4f41e7197a11f7f3a56", "\\view\\__init__.pyc": "101279074f300612c13e50f43c35e1fc", "\\view\\NextView\\NextViewCtr.pyc": "2857af058aeae9c798e167baacb5e5f3", "\\view\\NextView\\NextViewUI.pyc": "471cd9e256725719de2d7b7dabc47df1", "\\view\\RuleView\\RuleViewCtr.pyc": "3b3cc4762c6bbada5610c6c4434ae481", "\\view\\RuleView\\RuleViewUI.pyc": "2f4fbcbe74011e5df77c5e88ac45cd95", "\\view\\ScoreView\\ScoreViewCtr.pyc": "cd3caa32537d1c48022a7747b9393aee", "\\view\\ScoreView\\ScoreViewUI.pyc": "9fe38fc70b31f451d345baacf24604c3", "\\view\\TetrisView\\TetrisViewCtr.pyc": "13114a8084a0c526d9eb40e0ce1ea0e5", "\\view\\TetrisView\\TetrisViewUI.pyc": "88a564eb6162db45b5dc3a50b91f8790", "\\view\\TimingView\\TimingViewCtr.pyc": "2e5bc3c0f31aee7a688d134a5614dab2", "\\view\\TimingView\\TimingViewUI.pyc": "22e32ac53ed0609524d5e1769f27a580"}