{"\\build.pyc": "c4980af5d99b80f25ff33f9f77675566", "\\depends.mod": "caf58fcac22038e88143f905df85e62c", "\\main.pyc": "a94755788578c4315818ffeab7eb6226", "\\ProjectConfig.pyc": "d08cb99928e90fa021d713ac4cb340f2", "\\common\\README.md": "cbad6b712410383b74123bf48a554723", "\\common\\_load.pyc": "575d7a5c41c5292f8c9da3a213fc53f1", "\\common\\__init__.pyc": "0e15e8c19aba8fbdc65734b957f5d79c", "\\common\\behavior\\compileBehavior\\CompilePyBehavior.pyc": "83afd88d2c4450241d5822e51798492e", "\\common\\behavior\\ConfigParseBehavior\\IniConfigParseBehavior.pyc": "e102dc5bf50cf796c4a2b6912245717d", "\\common\\behavior\\ConfigParseBehavior\\JsonConfigBehavior.pyc": "63aa42a48bf1141df50547b31c9a1474", "\\common\\behavior\\ConfigParseBehavior\\XmlConfigParseBehavior.pyc": "7036ed484b2aa1866441e8714883ed0b", "\\common\\behavior\\ConfigParseBehavior\\__init__.pyc": "1c3a57e2b234bfaef5a1ce90b339b3a8", "\\common\\behavior\\CopyBehavior\\ShutilCopyBehavior.pyc": "85902ce8928572d7d7a67c67b0d1a02f", "\\common\\behavior\\FormatBehavior\\NumFormatBehavior.pyc": "b7ab1d7e7fb090204e742d48d2729d91", "\\common\\behavior\\installBehavior\\InstallPythonPackageBehavior.pyc": "00f4d4e768e1c0dfaa9d09427edf14ea", "\\common\\behavior\\installBehavior\\__init__.pyc": "c83832c72968aa1a292663e3b8cccafc", "\\common\\behavior\\serviceBehavior\\IPInfoBehavior.pyc": "8190c2f706d2f723efda984e4bf8355f", "\\common\\behavior\\serviceBehavior\\ServiceBehavior.pyc": "1174bd84bb6ef8b77eb744eb021cfcec", "\\common\\behavior\\serviceBehavior\\ToolServiceBehavior.pyc": "c6fd47cbe784970cba1da03ce2924f13", "\\common\\behavior\\serviceBehavior\\UpDownloadBehavior.pyc": "fd91aa8125ee4a019341ded9a340ecb3", "\\common\\behavior\\serviceBehavior\\UserServiceBehavior.pyc": "c0ddc6ca4a9a64372b4e1bf0f50e39bd", "\\common\\behavior\\serviceBehavior\\__init__.pyc": "67953283683e3d5dc60436f618c5b65b", "\\common\\behavior\\verifyBehavior\\VerifyDependsBehavior.pyc": "b723a5c2a33822e91d2bcac7fb75742c", "\\common\\behavior\\verifyBehavior\\VerifyEnvironmentBehavior.pyc": "86feb5099eb977c216cb3f065ad09c6d", "\\common\\behavior\\verifyBehavior\\__init__.pyc": "2d5a997fbe33cf3b424a1d94189aceec", "\\common\\config\\AppConfig.pyc": "b25ebfd6d683f31d492b3aa2cf6b1096", "\\common\\config\\ClientConfig.pyc": "1c5298572e2d5cad3b9fa9d0a5ecb36c", "\\common\\config\\__init__.pyc": "dba640f4abf1d0e10c5d6f3cef8868ec", "\\common\\config\\ini\\config.ini": "a8e20d3cf1c141aad0a773c40dbfc9ea", "\\common\\config\\json\\toolsTree.json": "fa0cc51b8a3075dc88c540c7f9b5d04c", "\\common\\core\\_Global.pyc": "50dacdf4f147a9c65d2b2fcf72cd2165", "\\common\\core\\__init__.pyc": "a440a046b5df213e4c35f234008545f4", "\\common\\core\\behaviorCore\\BaseBehavior.pyc": "9b13e39187e192670a7a6055d034ea0a", "\\common\\core\\behaviorCore\\BehaviorBinder.pyc": "618aa8c8a21d2a42a63be4ade5d79a94", "\\common\\core\\behaviorCore\\BehaviorManager.pyc": "4156a6095e8a926940c54d5012035af2", "\\common\\core\\behaviorCore\\__init__.pyc": "385aaa67e1b032738c839ff0b6a7bebe", "\\common\\core\\cacheCore\\CacheManager.pyc": "6e38e44e9b3934fa51c2ee33a258136a", "\\common\\core\\cacheCore\\__init__.pyc": "607d8fdf09845bab9f1414dcacdf80e3", "\\common\\core\\eventDispatchCore\\EventDispatcher.pyc": "25479a638fbf1fdd35cc4c891d7d531f", "\\common\\core\\eventDispatchCore\\EventId.pyc": "90bb824a22ee9e375190d0a4f6bfdc9c", "\\common\\core\\eventDispatchCore\\__init__.pyc": "031bbfbac39c41d057c42f64474ca9f0", "\\common\\core\\hotKeyCore\\HotKeyConfig.pyc": "963d8306cba870739a7386b4969a2968", "\\common\\core\\hotKeyCore\\HotKeyManager.pyc": "22e7431744251b55fb877428d11ef653", "\\common\\core\\hotKeyCore\\__init__.pyc": "d4b6d654fde2d4e0b3211a5f3ab7423e", "\\common\\core\\logCore\\Logger.pyc": "66dffd3d0749ea2341c79e8a5d1c42f7", "\\common\\core\\logCore\\__init__.pyc": "5f1e6aeb92032dece961d6ad08c14127", "\\common\\core\\timerCore\\TimerManager.pyc": "152c53084c9458d8ecbfb4a308b2e607", "\\common\\core\\timerCore\\__init__.pyc": "87331fa2b00da739d1ffbea0ef7dcf39", "\\common\\data\\randomPool.pyc": "648d1b58b59e66c78d2eda28a7fc4070", "\\common\\data\\__init__.pyc": "4521aa13734b2eed178f36529a69303f", "\\common\\dialog\\__init__.pyc": "113685ce7b0c9315145f95b7c071a05a", "\\common\\dialog\\AboutIPDialog\\AboutIPDialogCtr.pyc": "044bca22b127da9d291b111755f12c61", "\\common\\dialog\\AboutIPDialog\\AboutIPDialogUI.pyc": "44a592b331ee5c990ba72761370e0dcd", "\\common\\dialog\\AddLocalToolDialog\\AddLocalToolDialogCtr.pyc": "49dc536c2e9f76ae461d56f06740aee5", "\\common\\dialog\\AddLocalToolDialog\\AddLocalToolDialogUI.pyc": "0a972bf3ac294d42f09c38e25a106760", "\\common\\dialog\\DownloadDialog\\DownloadDialogCtr.pyc": "0f9d80f53b8dacf5337952ca17082f98", "\\common\\dialog\\DownloadDialog\\DownloadDialogUI.pyc": "baa5444ba832130bcab3591b46a60378", "\\common\\dialog\\LoginDialog\\LoginDialogCtr.pyc": "3200dd8019e0ea5e123a98247990df1c", "\\common\\dialog\\LoginDialog\\LoginDialogUI.pyc": "d6dd28cbb8ad269b66b6d8205c542d4d", "\\common\\dialog\\PackDialog\\PackDialogCtr.pyc": "9555d21e55b4e2d60a24a472f4f2d2b8", "\\common\\dialog\\PackDialog\\PackDialogUI.pyc": "ba284381f539829ed584fc27e9d75756", "\\common\\dialog\\ToolDevelopInfoDialog\\ToolDevelopInfoDialogCtr.pyc": "57ea4eda2d8087cb77ce2e2edb396643", "\\common\\dialog\\ToolDevelopInfoDialog\\ToolDevelopInfoDialogUI.pyc": "684847bf92a58064a4c6e270e0ae06b9", "\\common\\dialog\\ToolInfoDialog\\ToolInfoDialogCtr.pyc": "b9cddf1041f6669fb44f7d10ca4ae2f4", "\\common\\dialog\\ToolInfoDialog\\ToolInfoDialogUI.pyc": "2d7ee365323b73a7f2a33cddb2e0be15", "\\common\\function\\base.pyc": "66c623a5a2b3171cd76d4d9f3df69d51", "\\common\\function\\threadEx.pyc": "a839cce2c1501c16a41f2064d17a6259", "\\common\\function\\__init__.pyc": "182ef794f093baed53aac5a5f787650e", "\\common\\net\\common_client.pyc": "87c5507593a4982b191e9dba4471f2fb", "\\common\\net\\__init__.pyc": "e0c2f3c9690e9eb8c5c6453d9f686381", "\\common\\net\\proto\\common.proto": "40433a5f5a743d6aa81409202aaf244e", "\\common\\net\\proto\\common_pb2.pyc": "f7906333cea399263cd08e750e1a0eb7", "\\common\\net\\proto\\common_pb2_grpc.pyc": "f9da9825aaee7aff7522798e940979e0", "\\common\\net\\proto\\__init__.pyc": "bc4f2ec9ca2be77e35653834a0843876", "\\common\\res\\img\\dzjh.ico": "9bcec6668ab6ea09d6a8469f1e2a6691", "\\common\\template\\createModule.pyc": "78e9a144c42a761269b4447e932477b9", "\\common\\template\\module\\behavior.pyc": "80669d472e007741ee8a7db805bafa27", "\\common\\template\\module\\ModuleCreator.pyc": "37e028c856d88e3bf690c3d9377701d3", "\\common\\template\\module\\__init__.pyc": "919a4ac8f1076932f08147e4789a88f9", "\\common\\template\\module\\dialog\\dialogCtr.pyc": "9dd11c27937c7f93db91f51a841260b8", "\\common\\template\\module\\dialog\\dialogUI.pyc": "1114a4e55fd9a5d66aba924b1986c6e0", "\\common\\template\\module\\view\\viewCtr.pyc": "17ba8f99ca1bd594ee71e9baea9d592c", "\\common\\template\\module\\view\\viewUI.pyc": "6116fcc1b421c6ad86812f42e757c9ea", "\\common\\template\\module\\window\\windowCtr.pyc": "0394eaa8a1c638da41bc2d03c7e36fb6", "\\common\\template\\module\\window\\windowUI.pyc": "fb0187c346c56fd3e470cc17f04a0074", "\\common\\ui\\__init__.pyc": "a91c8d3d6cbaf647e10c642500ba1b51", "\\common\\ui\\control\\DirInputView.pyc": "97762f112a29613e6f536a4b3b390908", "\\common\\ui\\control\\InfoInputView.pyc": "883a4fd09456d852109198cb6e798b5d", "\\common\\ui\\control\\PageIndexCtrl.pyc": "da6ea4bd48c7c9c35e57619b6d217b07", "\\common\\ui\\control\\ScrollView.pyc": "d408517e465824afdeeb0cd7fd75255c", "\\common\\ui\\control\\ScrollWindow.pyc": "9257ac2288ae74319698685a2ed77df7", "\\common\\ui\\control\\__init__.pyc": "de32f5df223c4adf8c70bffbae60668a", "\\common\\ui\\label\\TitleDetailText.pyc": "dd47ae2e8c31ef894a7ac8681a15048c", "\\common\\ui\\label\\TitleSketchText.pyc": "c22d5fdb1625f1e87bfa269b76aa8e38", "\\common\\ui\\label\\XmlLabel.pyc": "d28c1b769aa7f050a81b38f4ef143a4b", "\\common\\ui\\label\\__init__.pyc": "6898ceec336522020cd93a105198040f", "\\common\\view\\DownPagesView\\DownPagesViewCtr.pyc": "926d3b186870fd1855810b3aeb99fa6a", "\\common\\view\\DownPagesView\\DownPagesViewUI.pyc": "54b829f5a5cb406d59bfdd44d4c0920f", "\\common\\view\\HomePageView\\HomePageViewCtr.pyc": "28ab2f59f5a528bc03f4c8808c4d5e0d", "\\common\\view\\HomePageView\\HomePageViewUI.pyc": "5240b41abe696d846e982f9d51cb55a9", "\\common\\view\\NoteBookView\\NoteBookViewCtr.pyc": "3adc06b6e37965006f80d480b7f48559", "\\common\\view\\NoteBookView\\NoteBookViewUI.pyc": "af95c3987da449b77ec151bd35420fb3", "\\common\\view\\PageGridsView\\PageGridsViewCtr.pyc": "ad9314b2e317191350825599446b7885", "\\common\\view\\PageGridsView\\PageGridsViewUI.pyc": "ceb8fb79aa4244cba07d461e75b87b2a", "\\common\\view\\PopupMenuView\\PopupMenuViewCtr.pyc": "02ae15c0e34cbf8c5e2757887f54f9e1", "\\common\\view\\PopupMenuView\\PopupMenuViewUI.pyc": "74890c6dff178460ee6f42ae0bf4e5e3", "\\common\\view\\RankingListView\\RankingListViewCtr.pyc": "1d3bccf4d2b0ee69ba366d73d9ba7f7a", "\\common\\view\\RankingListView\\RankingListViewUI.pyc": "cd2be3e25f8c2f6f27cb875c93846f11", "\\common\\view\\SearchPanelView\\SearchPanelViewCtr.pyc": "f9b8c859891ef5f17d6451f598225fd6", "\\common\\view\\SearchPanelView\\SearchPanelViewUI.pyc": "2dfca845691824984496446995193e7d", "\\common\\view\\SearchToolView\\SearchToolViewCtr.pyc": "8c5f3a6c2bf3b9e96f541920b53fd33d", "\\common\\view\\SearchToolView\\SearchToolViewUI.pyc": "3d97f877bb64cd6eab65874532a1551e", "\\common\\view\\SketchGridView\\SketchGridViewCtr.pyc": "6070bfa573894e394af9222210ed3213", "\\common\\view\\SketchGridView\\SketchGridViewUI.pyc": "82e2e32ad6f0ab36dafa502cc8cf42a1", "\\common\\view\\TitleGridsView\\TitleGridsViewCtr.pyc": "30d022bac71ceb2e1decbd41808d931f", "\\common\\view\\TitleGridsView\\TitleGridsViewUI.pyc": "e375e31f8c352578e35fd57ab22adff0", "\\common\\view\\TreeItemsView\\TreeItemsViewCtr.pyc": "a10cceb61ecf981229f39ef5fa579f5e", "\\common\\view\\TreeItemsView\\TreeItemsViewUI.pyc": "a6e14dff3fd73a3a639b4f87b12d1a9d", "\\common\\view\\UserNameTextView\\UserNameTextViewCtr.pyc": "0568115bc1e28096bac09a9c0b078345", "\\common\\view\\UserNameTextView\\UserNameTextViewUI.pyc": "21cd376bd0d9a0989ab080042ef58718", "\\common\\window\\WindowLoader.pyc": "7676a1934d77527ea0a254e5a1e3d516", "\\common\\window\\__init__.pyc": "ab08f10cb4b20bffea52ddd20911f929", "\\common\\window\\MainWindow\\MainWindowCtr.pyc": "31a75a6b7c1688eed01d36c11203e253", "\\common\\window\\MainWindow\\MainWindowUI.pyc": "330bed078893dd0e69e3343c3b4c9d3a", "\\common\\window\\MainWindow\\WindowLeftView\\WindowLeftViewCtr.pyc": "ba14182480171cc57f862185b86d5b6a", "\\common\\window\\MainWindow\\WindowLeftView\\WindowLeftViewUI.pyc": "38baf7d8cf08d7fbdb408cef43aa94f0", "\\common\\window\\MainWindow\\WindowRightView\\WindowRightViewCtr.pyc": "769184725511f35a9c87b791983d0430", "\\common\\window\\MainWindow\\WindowRightView\\WindowRightViewUI.pyc": "f34564744eda91c44e7e2bca433bc3b0", "\\common\\window\\ParentWindow\\ParentWindowCtr.pyc": "30643c7fa8ca21711a14e1ac63ec715b", "\\common\\window\\ParentWindow\\ParentWindowUI.pyc": "33cb7b78f54a9387a8219f78f6f99973", "\\common\\window\\ParentWindow\\MenuBarView\\MenuBarViewCtr.pyc": "e2ea509a3c0deb801631213a3b766635", "\\common\\window\\ParentWindow\\MenuBarView\\MenuBarViewUI.pyc": "093963dec6e8fba4f9c32ea41b8dadbd", "\\common\\window\\SearchPanelWindow\\SearchPanelWindowCtr.pyc": "cc78dd431a54d79217ae406a0f461ec9", "\\common\\window\\SearchPanelWindow\\SearchPanelWindowUI.pyc": "68b0ce4be99db906229f3f8b1a4b7609", "\\launcher\\_load.pyc": "4ed6129bdd54b8ab7b3cb75284ff13e1", "\\launcher\\__init__.pyc": "4bc033306e8091ce41bd390b45dfbaae", "\\launcher\\behavior\\VerifyProjectBehavior.pyc": "273a83a444dc372e0a0b9cc79852cf17", "\\launcher\\view\\LauncherGaugeView\\LauncherGaugeViewCtr.pyc": "c5147c6ac9ccc0b6b00364f38c15a5e1", "\\launcher\\view\\LauncherGaugeView\\LauncherGaugeViewUI.pyc": "47f34a6114fe207bf7880be979f08498", "\\launcher\\window\\LauncherWindow\\LauncherWindowCtr.pyc": "084c75b9555bd4d70aa35c60f017e4ef", "\\launcher\\window\\LauncherWindow\\LauncherWindowUI.pyc": "e7628030dca30bfea94d5fa92253fab2", "\\template\\start.bat": "646ba7fbba91e88c95a15295a16d474d", "\\template\\start.vbs": "b8d0291150cf084a3a056cb9b336564c", "\\template\\assets\\main.pyc": "1aa4003f05504f26e942e2368c8e79ef", "\\template\\assets\\MainWindowLoader.pyc": "7e074a9f23add0b042ee362161d36103", "\\template\\assets\\ProjectConfig.pyc": "7c4e25b4177a78d7ad5427dbabf0cdb5", "\\template\\assets\\tool\\depends.mod": "d41d8cd98f00b204e9800998ecf8427e", "\\template\\assets\\tool\\tool.json": "c7db80424888e7cbe77f8505c0856f6b", "\\template\\assets\\tool\\behavior\\__init__.pyc": "1d0c57f270a0cc68c1ccb991b7146f4a", "\\template\\assets\\tool\\config\\__init__.pyc": "7ab38f026e8f857f33431be6324f2c28", "\\template\\assets\\tool\\MainView\\MainViewCtr.pyc": "191eefe4adf5396a4ef8dcc00e253cdd", "\\template\\assets\\tool\\MainView\\MainViewUI.pyc": "00fdcdb18395f927ed35e9e5566c63a0", "\\template\\assets\\tool\\ui\\__init__.pyc": "36ea2b4758b25a9db653c238f816fecd", "\\template\\assets\\tool\\utill\\__init__.pyc": "cc1d7fc9d3e7f409b85a9bbbb1196d08", "\\template\\assets\\tool\\view\\__init__.pyc": "f8b29068c366d239aede901c677c03e2", "\\template\\run\\run.bat": "902f74421ac1839cba74492be4aa9a1c", "\\template\\run\\run.vbs": "4873da4c53eb247e28a21a3ecb53233a", "\\update\\main.pyc": "b6be6e26dd70d079d9a83b772abceadc", "\\update\\merge_pack.pyc": "a449aa0b0df2605778254acf8bc7a9d4", "\\update\\README.md": "ee79fc548e2c9bebc0088d494ad9c7d4", "\\update\\update.pyc": "fd9bbb77a967c774222ef0065e933274", "\\update\\config\\AppConfig.pyc": "bef8f51f08d78920953728a5534c23b7", "\\update\\event\\EventDispatcher.pyc": "06053ab6ac979b345cba522297d18d0b", "\\update\\event\\EventId.pyc": "383b7c515f82357920f64102d7074e3b", "\\update\\event\\Instance.pyc": "c0852ecbb63de50cf120c6e07116f858", "\\update\\icon\\dzjh.ico": "9bcec6668ab6ea09d6a8469f1e2a6691", "\\update\\icon\\encodeb64.pyc": "5309caf0155039af18b177cce105f4c2", "\\update\\utils\\baseUtil.pyc": "4f02bef28ecdc9f6395de1cfc2f90973", "\\update\\utils\\threadUtil.pyc": "777a676066674628bef7d49c4377662b", "\\update\\utils\\updateUtil.pyc": "38983e3df77701d53af043297b419430", "\\update\\utils\\urlUtil.pyc": "d3bd4e0f8ba0d33a19c3105c2b5a48cb", "\\update\\view\\GaugeView\\GaugeViewCtr.pyc": "15c51324b6068a396cd636cd29917489", "\\update\\view\\GaugeView\\GaugeViewUI.pyc": "3900abaa2ac7a493de00c4e82481e1b3", "\\update\\window\\MainApp.pyc": "cd2fe9a2aa49226992334a80912193a2", "\\update\\window\\MainWindow\\MainWindowCtr.pyc": "35ac6f10912dc5d1e7e0d64014ab8b15", "\\update\\window\\MainWindow\\MainWindowUI.pyc": "a70a34d8627c50c77b432345d5381f51"}