{"\\tool.json": "c43eea2128ccdec242054fa3f823412a", "\\_load.pyc": "3ef69f378113dca144df302d2b833f6e", "\\behavior\\__init__.pyc": "6d957eb00692067b06cb7bf71ee6ab51", "\\config\\EventId.pyc": "3cbe631b6d8f5f3923d7177b2cde882d", "\\config\\gameConfig.pyc": "487f9225b5ad5bafb14d7abc2581dc32", "\\config\\HotKeyConfig.pyc": "02dc8f417d404c488cf4d4e402b7a9b2", "\\config\\__init__.pyc": "25833f120754e614e2b570557f1710cd", "\\MainView\\MainViewCtr.pyc": "4c12f222f74bbd2aad30cc79aac64a68", "\\MainView\\MainViewUI.pyc": "f470db2416f86225ec1153f9990af3dd", "\\ui\\__init__.pyc": "ff2b43d6733fa1d3cc7f2a2f0062a8f8", "\\utill\\__init__.pyc": "14e6926f5f5331d9811b90fd7f1b3ee3", "\\view\\__init__.pyc": "8cc4654b197c1a91ac4da9dea5cd601a", "\\view\\NextView\\NextViewCtr.pyc": "2857af058aeae9c798e167baacb5e5f3", "\\view\\NextView\\NextViewUI.pyc": "471cd9e256725719de2d7b7dabc47df1", "\\view\\RuleView\\RuleViewCtr.pyc": "3b3cc4762c6bbada5610c6c4434ae481", "\\view\\RuleView\\RuleViewUI.pyc": "2f4fbcbe74011e5df77c5e88ac45cd95", "\\view\\ScoreView\\ScoreViewCtr.pyc": "cd3caa32537d1c48022a7747b9393aee", "\\view\\ScoreView\\ScoreViewUI.pyc": "9fe38fc70b31f451d345baacf24604c3", "\\view\\TetrisView\\TetrisViewCtr.pyc": "13114a8084a0c526d9eb40e0ce1ea0e5", "\\view\\TetrisView\\TetrisViewUI.pyc": "88a564eb6162db45b5dc3a50b91f8790", "\\view\\TimingView\\TimingViewCtr.pyc": "2e5bc3c0f31aee7a688d134a5614dab2", "\\view\\TimingView\\TimingViewUI.pyc": "22e32ac53ed0609524d5e1769f27a580"}